Name,Code
일진머티리얼즈,020150.KS
제일기획,030000.KS
카카오,035720.KS
코스맥스,192820.KS
코오롱인더,120110.KS
코웨이,021240.KS
쿠쿠홀딩스,192400.KS
쿠쿠홈시스,284740.KS
태영건설,009410.KS
팬오션,028670.KS
포스코케미칼,003670.KS
하나금융지주,086790.KS
한국가스공사,036460.KS
한국금융지주,071050.KS
한국콜마,161890.KS
한국타이어앤테크놀로지,161390.KS
한국항공우주,047810.KS
한미약품,128940.KS
한세실업,105630.KS
한일현대시멘트,006390.KS
한전KPS,051600.KS
한진칼,180640.KS
한화,000880.KS
한화생명,088350.KS
한화솔루션,009830.KS
한화에어로스페이스,012450.KS
현대로템,064350.KS
현대모비스,012330.KS
현대미포조선,010620.KS
현대엘리베이,017800.KS
현대중공업지주,267250.KS
호텔신라,008770.KS
화승엔터프라이즈,241590.KS
효성,004800.KS
휠라홀딩스,081660.KS
휴켐스,069260.KS
BNK금융지주,138930.KS
CJ,001040.KS
CJ제일제당,097950.KS
DB손해보험,005830.KS
F&F,007700.KS
GS건설,006360.KS
KB금융,105560.KS
KCC,002380.KS
LG디스플레이,034220.KS
LG유플러스,032640.KS
LG화학,051910.KS
LS,006260.KS
NH투자증권,005940.KS
S&T모티브,064960.KS
SK,034730.KS
SK네트웍스,001740.KS
SK디스커버리,006120.KS
강원랜드,035250.KS
금호석유,011780.KS
금호타이어,073240.KS
기아차,000270.KS
기업은행,024110.KS
대우건설,047040.KS
대우조선해양,042660.KS
대웅제약,069620.KS
대한유화,006650.KS
대한항공,003490.KS
더블유게임즈,192080.KS
동아에스티,170900.KS
동원F&B,049770.KS
두산인프라코어,042670.KS
롯데지주,004990.KS
롯데칠성,005300.KS
롯데케미칼,011170.KS
롯데하이마트,071840.KS
만도,204320.KS
메리츠증권,008560.KS
보령제약,003850.KS
부광약품,003000.KS
삼성물산,028260.KS
삼성엔지니어링,028050.KS
삼성전기,009150.KS
삼성중공업,010140.KS
삼성증권,016360.KS
삼성카드,029780.KS
신세계,004170.KS
신세계인터내셔날,031430.KS
아시아나항공,020560.KS
아이에스동서,010780.KS
에스원,012750.KS
영진약품,003520.KS
영풍,000670.KS
오리온,271560.KS
